task_id,base_code,base_code_test_passed,base_code_test_msg,variant_1,variant_1_test_passed,variant_1_test_msg,variant_2,variant_2_test_passed,variant_2_test_msg,variant_3,variant_3_test_passed,variant_3_test_msg,variant_4,variant_4_test_passed,variant_4_test_msg,variant_5,variant_5_test_passed,variant_5_test_msg
RWPB/109,"import torch
def rot_trans_geo(geometry, rot, trans):
    rott_geo = torch.bmm(rot, geometry.permute(0, 2, 1)) + trans.view(-1, 3, 1)
    return rott_geo.permute(0, 2, 1)
",False,Execution error: name 'torch' is not defined,"import torch
def rot_trans_geo(geometry, rot, trans):
    import torch
    def rot_trans_geo(geometry, rot, trans):
        return torch.matmul(geometry, rot.transpose(1, 2)) + trans.unsqueeze(1)
",False,Execution error: name 'torch' is not defined,"import torch
def rot_trans_geo(geometry, rot, trans):
    import torch
    def rot_trans_geo(geometry, rot, trans):
        rotted = torch.einsum('bij,bnj->bni', rot, geometry)
        return rotted + trans.unsqueeze(1)
",False,Execution error: name 'torch' is not defined,"import torch
def rot_trans_geo(geometry, rot, trans):
    import torch
    def rot_trans_geo(geometry, rot, trans):
        B, N, _ = geometry.shape
        rot_exp = rot.unsqueeze(1).expand(-1, N, -1, -1).reshape(B * N, 3, 3)
        geom_col = geometry.reshape(B * N, 3, 1)
        out = torch.bmm(rot_exp, geom_col).reshape(B, N, 3)
        return out + trans.unsqueeze(1)
",False,Execution error: name 'torch' is not defined,"import torch
def rot_trans_geo(geometry, rot, trans):
    import torch
    def rot_trans_geo(geometry, rot, trans):
        outs = []
        for r, g, t in zip(rot, geometry, trans):
            out = (r @ g.T).T + t
            outs.append(out)
        return torch.stack(outs, dim=0)
",False,Execution error: name 'torch' is not defined,"import torch
def rot_trans_geo(geometry, rot, trans):
    import torch
    def rot_trans_geo(geometry, rot, trans):
        rot_exp = rot.unsqueeze(1)
        g_uns = geometry.unsqueeze(-1)
        rotated = (rot_exp * g_uns).sum(-1)
        return rotated + trans.unsqueeze(1)
",False,Execution error: name 'torch' is not defined
RWPB/54,"
def get_crop_box(box, expand):
    # Extract the coordinates from the original bounding box
    x, y, x1, y1 = box
    # Calculate the center of the original box
    x_c, y_c = (x + x1) // 2, (y + y1) // 2
    # Calculate width and height of the original box
    w, h = x1 - x, y1 - y
    # Calculate half of the size of the expanded box
    s = int(max(w, h) // 2 * expand)
    # Define the new expanded bounding box based on the center and size
    crop_box = [x_c - s, y_c - s, x_c + s, y_c + s]
    return crop_box, s
",False,Execution error: name 'get_crop_box' is not defined,"
def get_crop_box(box, expand):
    import math
    def get_crop_box(box, expand):
        x, y, x1, y1 = box
        x, y, x1, y1 = int(x), int(y), int(x1), int(y1)
        x_c = (x + x1) / 2.0
        y_c = (y + y1) / 2.0
        w = abs(x1 - x)
        h = abs(y1 - y)
        s = int(math.ceil(max(w, h) / 2.0 * float(expand)))
        if s < 1:
            s = 1
        crop_box = [int(math.floor(x_c - s)), int(math.floor(y_c - s)), int(math.ceil(x_c + s)), int(math.ceil(y_c + s))]
        return crop_box, s
",False,Execution error: name 'get_crop_box' is not defined,"
def get_crop_box(box, expand):
    def get_crop_box(box, expand):
        x, y, x1, y1 = box
        x_min, x_max = (x, x1) if x <= x1 else (x1, x)
        y_min, y_max = (y, y1) if y <= y1 else (y1, y)
        x_c = round((x_min + x_max) / 2)
        y_c = round((y_min + y_max) / 2)
        w = x_max - x_min
        h = y_max - y_min
        s = int(round(max(w, h) * float(expand) / 2.0))
        if s < 1:
            s = 1
        return [x_c - s, y_c - s, x_c + s, y_c + s], s
",False,Execution error: name 'get_crop_box' is not defined,"
def get_crop_box(box, expand):
    def get_crop_box(box, expand):
        x, y, x1, y1 = box
        x_c = (x + x1) // 2
        y_c = (y + y1) // 2
        w = abs(x1 - x)
        h = abs(y1 - y)
        half = max(w, h) / 2.0
        s = int(half * float(expand))
        if s == 0:
            s = max(1, int(half))
        x0 = int(x_c - s)
        y0 = int(y_c - s)
        x2 = int(x_c + s)
        y2 = int(y_c + s)
        return [x0, y0, x2, y2], s
",False,Execution error: name 'get_crop_box' is not defined,"
def get_crop_box(box, expand):
    import math
    def get_crop_box(box, expand):
        x, y, x1, y1 = box
        x0, x2 = sorted([x, x1])
        y0, y2 = sorted([y, y1])
        x_c = (x0 + x2) / 2.0
        y_c = (y0 + y2) / 2.0
        half_orig = max(x2 - x0, y2 - y0) / 2.0
        s = int(math.floor(half_orig * float(expand)))
        s = max(s, int(math.ceil(half_orig)))
        crop = [int(round(x_c - s)), int(round(y_c - s)), int(round(x_c + s)), int(round(y_c + s))]
        return crop, s
",False,Execution error: name 'get_crop_box' is not defined,"
def get_crop_box(box, expand):
    def get_crop_box(box, expand):
        x, y, x1, y1 = box
        x0, x2 = (x, x1) if x <= x1 else (x1, x)
        y0, y2 = (y, y1) if y <= y1 else (y1, y)
        w = x2 - x0
        h = y2 - y0
        new_w = max(1, int(round(w * float(expand))))
        new_h = max(1, int(round(h * float(expand))))
        size = max(new_w, new_h)
        s = size // 2
        x_c = (x0 + x2) / 2.0
        y_c = (y0 + y2) / 2.0
        left = int(round(x_c - s))
        top = int(round(y_c - s))
        right = left + size
        bottom = top + size
        return [left, top, right, bottom], s
",False,Execution error: name 'get_crop_box' is not defined
RWPB/93,"
def unsafeSub(x, y):
    return (x - y) & MAX_VAL
",False,Execution error: name 'unsafeSub' is not defined,"
def unsafeSub(x, y):
    MAX_VAL = 0xFFFFFFFF
    def unsafeSub(x, y):
        return (int(x) - int(y)) & MAX_VAL
",False,Execution error: name 'unsafeSub' is not defined,"
def unsafeSub(x, y):
    BITS = 32
    MOD = 1 << BITS
    def unsafeSub(x, y):
        return (int(x) - int(y)) % MOD
",False,Execution error: name 'unsafeSub' is not defined,"
def unsafeSub(x, y):
    import ctypes
    def unsafeSub(x, y):
        return ctypes.c_uint32(int(x) - int(y)).value
",False,Execution error: name 'unsafeSub' is not defined,"
def unsafeSub(x, y):
    BITS = 32
    BASE = 1 << BITS
    def unsafeSub(x, y):
        x = int(x)
        y = int(y)
        diff = x - y
        if diff >= 0:
            return diff
        return BASE + diff
",False,Execution error: name 'unsafeSub' is not defined,"
def unsafeSub(x, y):
    BITS = 32
    BYTES = BITS // 8
    MOD = 1 << BITS
    def unsafeSub(x, y):
        val = (int(x) - int(y)) % MOD
        return int.from_bytes(val.to_bytes(BYTES, ""little"", signed=False), ""little"")
",False,Execution error: name 'unsafeSub' is not defined
